DATE,PATH,TARGET,PC1,PC2,EYF3,EYF6,EYF9,EYF12,JGBF,flag_30min
1992/7/1,-0.077327681,-0.097577757,-5.062897588,2.638767809,-0.093793103,-0.12137931,-0.127586207,-0.215172414,-0.071701687,0
1992/8/1,-0.014049336,-0.01696705,-0.841297297,0.461919244,-0.012258065,-0.026451613,-0.020645161,-0.038709677,-0.026855389,0
1992/9/1,0,0,0,0,0,0,0,0,0,0
1992/10/1,-0.008359341,0.015597497,0.52536851,0.609189714,0.006451613,0.025806452,0.012903226,0,0.019928699,0
1992/11/1,-0.00868061,-0.002391978,-0.147972027,0.362949722,-0.008333333,0.002666667,0.001333333,-0.024,0.008948494,0
1992/12/1,-0.002746577,-0.007867485,-0.312109356,0.011690845,-0.008387097,-0.008387097,-0.004193548,-0.016774194,-0.001661798,0
1993/1/1,0.001327474,-0.002360483,-0.043953045,-0.115053713,-0.002258065,-0.002258065,-0.002258065,0,-0.001179885,0
1993/2/1,0.005038985,-0.008960202,-0.16684217,-0.436734502,-0.008571429,-0.008571429,-0.008571429,0,-0.004478748,0
1993/3/1,0,0,0,0,0,0,0,0,0,0
1993/4/1,0,0,0,0,0,0,0,0,0,0
1993/5/1,0,0,0,0,0,0,0,0,0,0
1993/6/1,0,0,0,0,0,0,0,0,0,0
1993/7/1,-0.006342751,0.075043551,2.897980015,1.298806724,0.064516129,0.088709677,0.080645161,0.056451613,0.026315069,0
1993/8/1,-0.038497429,0.014472738,-0.038016317,2.154237109,0.008387097,0.014193548,0.00516129,-0.050322581,-0.002768836,0
1993/9/1,-0.024049932,-0.030414768,-1.537748285,0.797306857,-0.033,-0.033,-0.041,-0.067,-0.038589281,0
1993/10/1,-0.008691117,-0.02985216,-1.267266586,0.019016181,-0.030967742,-0.030967742,-0.036129032,-0.041290323,-0.035869971,0
1993/11/1,-0.004179854,-0.01458688,-0.623574055,0.00895407,-0.016,-0.014,-0.018,-0.02,-0.015430562,0
1993/12/1,-0.016854249,-0.058818064,-2.514411511,0.036105119,-0.064516129,-0.056451613,-0.072580645,-0.080645161,-0.06222001,0
1994/1/1,-0.007643586,-0.006737579,-0.350043981,0.279142647,-0.009677419,-0.00483871,-0.009677419,-0.019354839,0.023713353,0
1994/2/1,-0.0102655,0.009594871,0.263982292,0.623404638,0.005714286,0.012857143,0.002857143,-0.004285714,0.035191579,0
1994/3/1,-0.007552615,0.107008325,4.129757088,1.790930253,0.104516129,0.113225806,0.087096774,0.113225806,0.043818969,0
1994/4/1,-0.000712945,0.010256759,0.493577089,0.115553619,0.01,0.01,0.02,0,0.031788416,0
1994/5/1,0.007873232,-0.071325757,-2.556961233,-1.42427415,-0.081290323,-0.059032258,-0.073548387,-0.059354839,-0.01781235,0
1994/6/1,0.002838065,-0.025754843,-0.924746381,-0.51325278,-0.029333333,-0.021333333,-0.026666667,-0.021333333,-0.006770681,0
1994/7/1,-0.0096862,0.021634097,0.705863066,0.777891158,0.021290323,0.021290323,0.010645161,0.014193548,0.007855526,0
1994/8/1,-0.054346776,0.113319678,3.605642358,4.278277476,0.106451613,0.116129032,0.067741935,0.05483871,0.058654252,0
1994/9/1,-0.001265334,0.002548371,0.079988782,0.098646475,0.002333333,0.002666667,0.001666667,0.001,0.001528351,0
1994/10/1,-0.028531994,0.063201752,2.047080349,2.290932165,0.065483871,0.056129032,0.056129032,0.018709677,0.040827053,0
1994/11/1,-0.002033315,0.004504033,0.145883887,0.163261832,0.004666667,0.004,0.004,0.001333333,0.002909514,0
1994/12/1,0,0,0,0,0,0,0,0,0,0
1995/1/1,0,0,0,0,0,0,0,0,0,0
1995/2/1,0,0,0,0,0,0,0,0,0,0
1995/3/1,0.00091893,-0.019874554,-0.744848525,-0.324949328,-0.020645161,-0.019354839,-0.019354839,-0.019354839,-0.017318889,0
1995/4/1,0.016415831,-0.189599675,-6.938258248,-3.516245944,-0.198,-0.183,-0.165,-0.189,-0.214455594,0
1995/5/1,-0.001358322,-0.053742805,-2.055801159,-0.693731402,-0.05516129,-0.05483871,-0.042258065,-0.068709677,-0.075179086,0
1995/6/1,-0.035959863,-0.077996656,-3.60640841,0.773845573,-0.075,-0.091666667,-0.091666667,-0.133333333,-0.041851511,0
1995/7/1,-0.006328444,-0.149936161,-5.877676155,-1.747928925,-0.14516129,-0.161290323,-0.161290323,-0.153225806,-0.100559796,0
1995/8/1,-0.001518827,-0.035984679,-1.410642277,-0.419502942,-0.03483871,-0.038709677,-0.038709677,-0.036774194,-0.024134351,0
1995/9/1,0.037443185,-0.053107211,-1.306889126,-2.725382321,-0.04,-0.064,-0.032,0,0.062247121,0
1995/10/1,0.010568641,-0.014989939,-0.368879995,-0.769261139,-0.011290323,-0.018064516,-0.009032258,0,0.017569752,0
1995/11/1,0,0,0,0,0,0,0,0,0,0
1995/12/1,0,0,0,0,0,0,0,0,0,0
1996/1/1,0,0,0,0,0,0,0,0,0,0
1996/2/1,0,0,0,0,0,0,0,0,0,0
1996/3/1,-0.237127256,-0.044532752,-5.944604595,11.74166202,-0.04516129,-0.081290323,-0.307096774,-0.243870968,-0.022656166,0
1996/4/1,-0.102178245,-0.042007714,-3.375981954,4.707480259,-0.045,-0.059,-0.104,-0.177,-0.043160712,0
1996/5/1,-0.005887216,0.027792564,1.042502135,0.64698593,0.027741935,0.027419355,0.026774194,0.018387097,0.029524808,0
1996/6/1,-0.002565787,0.02163409,0.843444706,0.400810542,0.021666667,0.021666667,0.021666667,0.017333333,0.023012923,0
1996/7/1,-0.007697402,0.036002977,1.371114262,0.829345457,0.04,0.03,0.04,0.02,0.010777152,0
1996/8/1,-0.015716063,0.036037428,1.285289665,1.215877681,0.030967742,0.040967742,0.020967742,0.02,0.018778128,0
1996/9/1,-0.025332123,0.028602346,0.780118959,1.641164625,0.030333333,0.023333333,0.002333333,0.007,0.001330757,0
1996/10/1,-0.009145267,0.008684646,0.207120534,0.576238577,0.009677419,0.006451613,-0.003225806,0.003225806,0.002658486,0
1996/11/1,0,0,0,0,0,0,0,0,0,0
1996/12/1,0,0,0,0,0,0,0,0,0,0
1997/1/1,0,0,0,0,0,0,0,0,0,0
1997/2/1,0,0,0,0,0,0,0,0,0,0
1997/3/1,0,0,0,0,0,0,0,0,0,0
1997/4/1,0,0,0,0,0,0,0,0,0,0
1997/5/1,0,0,0,0,0,0,0,0,0,0
1997/6/1,0,0,0,0,0,0,0,0,0,0
1997/7/1,0,0,0,0,0,0,0,0,0,0
1997/8/1,0,0,0,0,0,0,0,0,0,0
1997/9/1,0,0,0,0,0,0,0,0,0,0
1997/10/1,0,0,0,0,0,0,0,0,0,0
1997/11/1,0.000997072,-0.002496117,-0.068629188,-0.091990556,-0.002,-0.003,-0.002,-0.001,-0.001098901,0
1997/12/1,0.009005809,-0.022545572,-0.619876537,-0.830882438,-0.018064516,-0.027096774,-0.018064516,-0.009032258,-0.009925558,0
1998/1/1,0.004878783,-0.001210584,0.096251888,-0.302773336,-0.00516129,0.00516129,-0.00516129,0.010322581,0.026033966,0
1998/2/1,-0.002061029,-0.012620279,-0.400461986,-0.136670323,-0.018214286,-0.005357143,-0.0275,-0.004642857,0.012076009,0
1998/3/1,0.017647309,-0.077888447,-2.48451187,-2.110210921,-0.088064516,-0.063870968,-0.071612903,-0.055806452,0.010271133,0
1998/4/1,0.01417533,0.017135642,1.159822373,-0.642527301,0.018,0.019666667,0.020666667,0.041,0.073968755,0
1998/5/1,0.004512569,-0.013747601,-0.296441516,-0.511999273,-0.007741935,-0.019677419,-0.026774194,0.008387097,0.011916899,0
1998/6/1,0.006819719,0.002012828,0.354828736,-0.416197763,0.006,-0.002,0.011,0.007666667,-0.006999687,0
1998/7/1,-0.015909452,0.039071639,1.431034653,1.249478791,0.043548387,0.030322581,0.047096774,0.004193548,0.01484002,0
1998/8/1,-0.016965198,0.027117525,0.966171177,1.13110996,0.030967742,0.019354839,0.024193548,0,0.027541351,0
1998/9/1,-0.005817956,-0.005843978,-0.195197062,0.14632871,-0.001666667,-0.012333333,-0.01,-0.011666667,-0.007594053,0
1998/10/1,-0.003502183,-0.063268245,-2.339251241,-0.782913095,-0.057096774,-0.073548387,-0.067096774,-0.065806452,-0.075303864,0
1998/11/1,-0.014882174,-0.025552278,-1.050431601,0.309030603,-0.017333333,-0.039,-0.041333333,-0.036666667,-0.088453483,0
1998/12/1,0.04601646,-0.047722832,-0.830716848,-3.163714883,-0.040322581,-0.052258065,0.013225806,-0.017419355,-0.010538225,0
1999/1/1,0.023727072,-0.004459725,0.349351414,-1.353835241,-0.000322581,-0.005483871,0.012580645,0.02516129,0.01751832,0
1999/2/1,0.024431689,0.016319618,1.228233501,-1.14097131,0.006428571,0.032857143,0.045,0.0325,0.113913884,0
1999/3/1,0.008208564,-0.008289566,0.059069103,-0.674366363,-0.015483871,0.002258065,-0.006129032,0.002580645,0.13241582,0
1999/4/1,0.000684866,-0.03262036,-1.025877225,-0.610758475,-0.025333333,-0.038666667,-0.085333333,0.019333333,-0.033820116,0
1999/5/1,-0.011177374,-0.003083761,-0.168660183,0.454755048,0.005483871,-0.016129032,-0.009032258,-0.015806452,-0.013434553,0
1999/6/1,0.023020659,-0.038503193,-0.952858133,-1.799766042,-0.041333333,-0.032,-0.021666667,-0.013,-0.040776377,0
1999/7/1,0.028084309,0.002460526,0.804797897,-1.548572737,0.004516129,0.00516129,0.021290323,0.038064516,0.018100978,0
1999/8/1,0.01587549,0.001039241,0.445386095,-0.882510044,0,0.00483871,0.018064516,0.014516129,0.052642493,0
1999/9/1,-0.016098482,0.007785802,0.167624311,0.858328693,0.011333333,0.000666667,-0.004,-0.01,0.169245032,0
1999/10/1,-0.004734957,-0.006799956,-0.165799199,0.04997841,-0.000967742,-0.015967742,0,-0.020322581,0.059085451,1
1999/11/1,0.001981731,-0.001616303,0.192863016,-0.250730092,-0.003166667,0.0005,0.001666667,-0.0015,-0.010573997,1
1999/12/1,0.001725514,0.006632707,0.471994399,-0.104019108,0.000483871,0.01483871,0.008387097,0.006451613,-0.003960933,1
2000/1/1,-0.00429916,0.004033725,0.185745422,0.218822504,0.005,0.002419355,-0.002419355,0.002419355,-0.00108275,1
2000/2/1,-0.002362148,0.000398917,0.126822798,0.041163421,-0.001724138,0.002758621,-0.002758621,-0.001724138,-0.021642395,1
2000/3/1,-0.00326355,-0.003023854,0.056264768,-0.003200623,-0.007096774,0.001290323,-0.003870968,-0.009677419,0.006645879,1
2000/4/1,0.010496435,-0.003531128,0.247870916,-0.707748183,-0.007333333,0.003166667,0.002333333,0.009333333,0.006891683,1
2000/5/1,0.007125714,-0.003021145,0.189995907,-0.515142403,0.000806452,-0.006774194,0.004032258,0.00483871,-0.009908443,1
2000/6/1,0.001850064,-0.003754116,0.021942572,-0.224315596,-0.006833333,0.0005,-0.004666667,-0.0005,-0.023198512,1
2000/7/1,-0.003390426,-0.00465022,-0.054108266,0.006823876,-0.008225806,-0.000483871,-0.012903226,-0.004516129,-0.012689523,1
2000/8/1,-0.000638984,0.010816788,0.537363113,0.107540993,0.007580645,0.014354839,0.020322581,0,0.004617268,1
2000/9/1,-0.006508921,0.009858546,0.36221029,0.419291364,0.007833333,0.011166667,0.01,-0.002833333,0.004993758,1
2000/10/1,-0.005649138,-0.000450632,5.30E-05,0.220880705,-0.000806452,-0.001129032,-0.003387097,-0.008387097,0.000661545,1
2000/11/1,0.002064084,-0.004145619,0.074410154,-0.27716226,-0.001833333,-0.006666667,-0.0045,0.000666667,-0.015360821,1
2000/12/1,0.001822954,0.006157751,0.492999622,-0.137044926,0.007580645,0.00483871,0.008225806,0.008225806,0.013699419,1
2001/1/1,0.002085697,0.001136081,0.174861661,-0.146452601,0.002258065,0,0.004516129,0.002258065,0.00890854,1
2001/2/1,0.00444069,-0.004078362,0.069741523,-0.371814767,-0.008928571,0.002678571,-0.000714286,-0.000535714,-0.002126443,1
2001/3/1,0.026797664,-0.040387188,-0.903671585,-2.053588945,-0.051935484,-0.022419355,-0.019354839,-0.014516129,-0.040031086,1
2001/4/1,0.001224403,-0.001391936,0.116920404,-0.167697479,0,-0.003,0,0,-0.018455838,1
2001/5/1,-0.000469325,-0.000840591,0.13721194,-0.08847762,0,-0.002096774,0,-0.002258065,-6.20E-05,1
2001/6/1,-0.003519564,0.001768788,0.132829554,0.135274437,0.002666667,0,0,-0.002833333,-0.001378014,1
2001/7/1,-0.001684679,0.001454175,0.238998414,-0.013404077,0.002419355,0,0,0,-0.009705018,1
2001/8/1,0.002894724,-0.007246791,-0.127151765,-0.308115372,-0.005806452,-0.008709677,-0.005806452,-0.002903226,-0.010649697,1
2001/9/1,0.003751843,-0.005663631,-0.060597635,-0.325375218,-0.0065,-0.004333333,0,-0.004333333,0.006187695,1
2001/10/1,0.0018481,0.000163624,0.18067915,-0.174558791,-0.002419355,0.003387097,0.006290323,-0.002903226,0.020357234,1
2001/11/1,-0.003300616,0.006624354,0.397157042,0.149170455,0.005,0.008166667,0.005666667,0.001,0.007241048,1
2001/12/1,0.004440774,0.012544793,0.769055066,-0.175728777,0.006774194,0.020806452,0.018225806,0.014032258,0.037878355,1
2002/1/1,-0.00139189,0.004324804,0.260162832,0.064879368,0.002903226,0.005806452,0.005806452,0,0.007889438,1
2002/2/1,-0.004920599,0.00618452,0.292572269,0.26096093,0.0075,0.00375,0.00375,-0.000178571,-0.013051414,1
2002/3/1,-0.004910795,0.00293894,0.204034217,0.194936455,0.003225806,0.001612903,0.001612903,-0.00483871,-0.011117525,1
2002/4/1,-9.78E-05,9.76E-06,0.140505591,-0.075542652,0,0,0,-0.000166667,0.000390477,1
2002/5/1,-0.002839479,0.00028343,0.138041431,0.050675158,0,0,0,-0.00483871,-0.010436685,1
2002/6/1,-0.002347303,0.000234302,0.122628239,0.037044125,0,0,0,-0.004,-0.004410474,1
2002/7/1,-0.00207956,-0.002338684,0.056416965,-0.028470589,-0.002580645,-0.002580645,-0.002580645,-0.006129032,-0.007500481,1
2002/8/1,0.001422294,-0.002529089,0.057615789,-0.182886288,-0.002419355,-0.002419355,-0.002419355,0,-0.000468921,1
2002/9/1,0,0,0.074497407,-0.042414217,0,0,0,0,0.000105643,1
2002/10/1,0.001929993,-0.000329176,0.162942486,-0.185512957,0,-0.000322581,0,0.003064516,-0.008186944,1
2002/11/1,0.000333385,-0.003142042,0.064409404,-0.162978487,-0.002,-0.004833333,0,-0.005166667,-0.003877317,1
2002/12/1,0.002022824,-0.005503999,-0.061261521,-0.246746672,-0.007903226,-0.002419355,-0.002419355,-0.005483871,0.00220818,1
2003/1/1,0.001799716,-0.004097653,-0.037916999,-0.200403398,-0.00516129,-0.002580645,-0.002580645,-0.002580645,-0.000579706,1
2003/2/1,0,0,0.136831972,-0.077903665,0,0,0,0,-0.003762303,1
2003/3/1,0,0,0.171653012,-0.097728612,0,0,0,0,0.002935836,1
2003/4/1,0,0,0.18446977,-0.105025681,0,0,0,0,0.011102316,1
2003/5/1,0,0,0.171653012,-0.097728612,0,0,0,0,-0.004356107,1
2003/6/1,0,0,0.159637301,-0.090887609,0,0,0,0,-0.002052053,1
2003/7/1,0,0,0.181952192,-0.103592328,0,0,0,0,-0.007134755,1
2003/8/1,0,0,0.130456289,-0.074273745,0,0,0,0,-0.000745701,1
2003/9/1,-0.01092058,-0.005259846,-0.311136286,0.447308428,-0.006333333,-0.006333333,-0.0095,-0.022166667,-0.010858356,1
2003/10/1,-0.012668593,-0.006230796,-0.352813081,0.509668667,-0.007419355,-0.007419355,-0.012903226,-0.024193548,-0.017264375,1
2003/11/1,-0.003694331,-0.000273159,0.096123723,0.090510731,0.000166667,-0.0015,-0.003,-0.0045,-0.003676506,1
2003/12/1,-0.002358551,0.002035845,0.16363138,0.078571989,0.003387097,0,0,0,0.006706989,1
2004/1/1,-0.004407221,0.000378208,0.027459097,0.182799432,0,0,-0.001935484,-0.005806452,0.000605117,1
2004/2/1,-0.007459349,0.000640128,0.065741881,0.298424097,0,0,-0.003275862,-0.009827586,-0.004198987,1
2004/3/1,0.001514389,-0.000151163,0.189808059,-0.177007594,0,0,0,0.002580645,-0.001416341,1
2004/4/1,-0.00068463,6.83E-05,0.1321402,-0.04406465,0,0,0,-0.001166667,-0.004254842,1
2004/5/1,-0.002199587,0.001248369,0.176995585,0.036143356,0.001935484,0,0,-0.001451613,0.000898764,1
2004/6/1,0.002317299,0.002697489,0.292726426,-0.167458471,0.003166667,0.002666667,0.003666667,0.006333333,-0.001828718,1
2004/7/1,0.009685037,-0.001366022,0.325038766,-0.640242088,-0.003064516,0.002419355,0.006451613,0.008870968,0.007541335,1
2004/8/1,0.001347744,-0.00116334,0.095805104,-0.152678976,-0.001935484,0,0,0,-0.000890737,1
2004/9/1,0,0,0.109972363,-0.062611464,0,0,0,0,-0.003521001,1
2004/10/1,-5.30E-05,0.000262492,0.115702373,-0.05426715,0.000483871,0,0,0.000483871,-0.005429786,1
2004/11/1,-0.001630311,0.002574232,0.25884339,0.013055478,0.004666667,0,-0.002166667,0.004666667,-0.003005893,1
2004/12/1,-0.000512347,-0.001065391,0.062434096,-0.05213468,0,-0.002419355,-0.002903226,0,0.000598005,1
2005/1/1,0.002136417,-0.001238631,0.090016502,-0.185164961,0,-0.002580645,0.002096774,0,0.000430372,1
2005/2/1,0.001895119,-0.001225725,0.100608524,-0.180609985,-0.002142857,0,0.003214286,-0.002142857,-0.010827853,1
2005/3/1,0.00033559,-0.00166245,0.06139957,-0.108465757,-0.003064516,0,0,-0.003064516,-0.015359216,1
2005/4/1,-0.002449506,0.004355654,0.277989837,0.100206777,0.004166667,0.004166667,0.004166667,0,0.006675631,1
2005/5/1,-0.000914772,0.000226984,0.150172722,-0.039004039,0.000967742,-0.000967742,0.000967742,-0.001935484,0.000660552,1
2005/6/1,0.000999013,-0.001439978,0.086123328,-0.142424241,0,-0.003166667,0,-0.0005,-0.003499424,1
2005/7/1,0.001331427,0.000295772,0.16959071,-0.141843793,0.000806452,0,0,0.003225806,0.008006711,1
2005/8/1,0.003634077,0.001984625,0.35278685,-0.282384026,0.004193548,0,0.003709677,0.007903226,0.022649303,1
2005/9/1,0.001471217,-0.000104342,0.132603306,-0.140953665,0,0,0.001333333,0.001333333,0.004038982,1
2005/10/1,0.000510595,0.001382587,0.162756925,-0.064662714,0,0.003387097,0,0.003225806,0.003964323,1
2005/11/1,-0.006494527,0.003402244,0.206409126,0.27659462,0,0.006833333,-0.004333333,-0.0025,-0.004094236,1
2005/12/1,-0.003095533,-0.001247891,0.011866124,0.078513948,-0.002580645,0,-0.005806452,-0.003225806,-0.010844622,1
2006/1/1,0.004242254,-0.003619162,0.028510397,-0.323599343,-0.004354839,-0.001935484,-0.001935484,0.002419355,-0.001604629,1
2006/2/1,-0.001946162,-0.003267259,-0.01453409,-0.026866616,-0.003392857,-0.003392857,-0.006964286,-0.003571429,-0.002065161,1
2006/3/1,-0.017326219,-0.011114492,-0.631278488,0.689049125,-0.011129032,-0.01483871,-0.020322581,-0.03516129,-0.018481135,1
2006/4/1,-0.002882172,-0.003179274,-0.066351888,0.045052484,-0.0045,-0.002,-0.007166667,-0.005333333,-0.003075665,1
2006/5/1,0.003023489,-0.000914041,0.197737814,-0.272110251,-0.002419355,0.001774194,-0.002419355,0.005645161,0.006947385,1
2006/6/1,0.002601617,-0.001115491,0.12431888,-0.219811018,0.000333333,-0.002666667,0.003,0.000333333,-0.001060091,1
2006/7/1,-0.004278377,-0.010347226,-0.367977485,0.019123723,-0.008225806,-0.014032258,-0.014516129,-0.014032258,-0.015017658,1
2006/8/1,-0.005978482,-0.008858316,-0.337320782,0.126225425,-0.007580645,-0.011774194,-0.013870968,-0.01516129,-0.023175336,1
2006/9/1,0.001269168,0.002011113,0.218550098,-0.105787023,0.002166667,0.002166667,0.002166667,0.004333333,0.010516663,1
2006/10/1,0.003001901,-0.000582057,0.127902444,-0.219577015,-0.001774194,0.001451613,0.001451613,0.002741935,0.006430618,1
2006/11/1,0.003848724,0.001886439,0.345643067,-0.290832589,-0.002,0.0075,0.005,0.005,0.002124507,1
2006/12/1,-0.001046609,-0.005009809,-0.114856674,-0.069783221,-0.006290323,-0.003709677,-0.006290323,-0.006290323,-0.017174731,1
2007/1/1,0.003146778,-0.00462436,-0.013416422,-0.289699395,-0.006451613,-0.001935484,-0.001935484,-0.001935484,-0.018899664,1
2007/2/1,7.23E-05,0.005010029,0.291762893,0.009952013,0.003035714,0.007678571,0.004821429,0.004821429,-0.00278406,1
2007/3/1,-0.01076587,-0.000850292,-0.108400167,0.483022165,0,-0.003709677,-0.011129032,-0.011129032,-0.02019778,1
2007/4/1,0.000344391,-1.31E-05,0.161828349,-0.10705365,0,0,0.000666667,0,-0.001872867,1
2007/5/1,0.002249653,-8.57E-05,0.216004781,-0.220431872,0,0,0.004354839,0,-0.001132129,1
2007/6/1,-0.000762902,-0.004897286,-0.091357329,-0.09104335,-0.002666667,-0.008,-0.005333333,-0.005333333,-0.010979883,1
2007/7/1,-0.002585135,-0.004254149,-0.092704507,0.009169268,-0.002419355,-0.007258065,-0.00483871,-0.008064516,-0.012103406,1
2007/8/1,-0.001041142,0.000103924,0.053819381,0.016756624,0,0,0,-0.001774194,-0.001084764,1
2007/9/1,0.003378366,0.001699899,0.248237643,-0.22230958,0.002,0.002,0.004,0.006,0.010242771,1
2007/10/1,0.005208755,-0.000513095,0.215274412,-0.359448524,-0.00016129,9.17E-15,0.002903226,0.006129032,-0.004902416,1
2007/11/1,-0.002420301,0.005551056,0.378362091,0.084568261,0.003333333,0.008333333,0.000333333,0.005333333,-0.017834147,1
2007/12/1,-0.003445312,-0.003542341,-0.114880518,0.083330551,-0.003870968,-0.003870968,-0.005967742,-0.007903226,-0.009841545,1
2008/1/1,-0.001133585,-0.006616862,-0.179122458,-0.086993084,-0.006129032,-0.007741935,-0.006129032,-0.009193548,-0.008135817,1
2008/2/1,0.001015595,-0.002728379,0.044118146,-0.165261899,0,-0.006206897,0,-0.002586207,-0.011965878,1
2008/3/1,0.004425415,0.000429771,0.237836524,-0.305722515,0,0.001451613,0.008064516,0.001451613,-0.002923879,1
2008/4/1,0.002975758,-0.003298194,0.028229734,-0.258827606,-0.0035,-0.002833333,0.001833333,-0.002666667,-0.004608493,1
2008/5/1,-0.004488413,-0.00144903,0.037102861,0.115396293,0.003387097,-0.008225806,-0.006774194,-0.003387097,-0.018292722,1
2008/6/1,-0.005508786,-0.003947028,-0.122685491,0.159884444,-0.003,-0.006166667,-0.009166667,-0.009166667,-0.02565866,1
2008/7/1,-0.001824329,0.001912309,0.144476669,0.062647092,0.000645161,0.003387097,-0.001451613,0.001290323,-0.004362532,1
2008/8/1,0.00271472,0.002979556,0.258187293,-0.154385344,0.002258065,0.004516129,0.004354839,0.006612903,0.007723082,1
2008/9/1,0.004773591,-0.003848977,0.050016325,-0.366351988,-0.004666667,-0.002333333,0.003,-0.001666667,0.006415501,1
2008/10/1,0.010317885,0.008034156,0.710068688,-0.549974194,0.007096774,0.01,0.033225806,0.003709677,0.034342512,1
2008/11/1,-0.00795525,0.007218037,0.346480875,0.394538613,0.004166667,0.009166667,0.010333333,-0.011333333,0.0278127,1
2008/12/1,0.02041981,-0.026472965,-0.442332172,-1.551254652,-0.026451613,-0.023709677,-0.010645161,-0.003709677,-0.016421182,1
2009/1/1,-0.001802332,-0.018342492,-0.648648085,-0.210777128,-0.016774194,-0.021129032,-0.020806452,-0.019354839,-0.058488739,1
2009/2/1,-0.0077081,0.005820316,0.204969934,0.414771562,0.006964286,0.003214286,-0.000357143,-0.002321429,-0.019392459,1
2009/3/1,-0.009479056,0.016326037,0.584961349,0.648284371,0.015806452,0.015806452,0.009032258,0.005645161,-0.007965814,1
2009/4/1,-0.001926524,-0.007678892,-0.18550465,-0.088055139,-0.009833333,-0.005833333,-0.0055,-0.014166667,-0.012018522,1
2009/5/1,0.009288283,-0.006675607,0.069527249,-0.66792721,-0.005967742,-0.006451613,0.00483871,0,0.005925909,1
2009/6/1,0.003740274,-0.002833074,0.08508056,-0.306644797,0,-0.006,0.0025,0,0.005107315,1
2009/7/1,0.005709235,-0.000244492,0.20737065,-0.366345314,0,0.00016129,0.008064516,0.002741935,-0.002088113,1
2009/8/1,0.002131226,-0.000546595,0.137515303,-0.187251521,0,-0.001129032,0.004516129,-0.001129032,0.002100536,1
2009/9/1,-0.000970285,-0.000355817,0.053650643,-0.002554868,0.002333333,-0.004,0,-0.001666667,-0.000133492,1
2009/10/1,-0.004656007,0.001918504,0.117357719,0.197116643,0.002741935,0.00016129,-0.002258065,-0.002580645,-0.000564457,1
2009/11/1,0.00455498,0.000701479,0.298048445,-0.335726747,0,0.002166667,0.0075,0.002666667,0.006759802,1
2009/12/1,-0.003990643,0.055135084,2.301409473,0.82809317,0.06,0.05,0.052741935,0.052741935,0.044449383,1
2010/1/1,-0.003421477,0.001618536,0.07999927,0.15586617,0.000967742,0.001935484,-0.001774194,-0.001774194,-0.008743808,1
2010/2/1,-0.002766404,0.007464394,0.377792604,0.167810795,0.004464286,0.010892857,0.006428571,0.0025,-0.009504406,1
2010/3/1,-0.005465048,0.004246491,0.186617513,0.274848778,0.002419355,0.005645161,0.000806452,-0.003225806,0.00644767,1
2010/4/1,-0.003986457,0.00435061,0.242804031,0.184544646,0.002333333,0.006333333,0.001,-0.0005,0.01672588,1
2010/5/1,-0.003749831,-0.006909775,-0.097275004,-0.034293489,-0.007903226,-0.006774194,-0.006774194,-0.014516129,0.006335529,1
2010/6/1,-0.003524474,0.003640724,0.237687612,0.14269768,0.003333333,0.003333333,0.003333333,-0.002666667,0.005568988,1
2010/7/1,-0.000300661,-0.001130485,0.060303756,-0.062130378,0,-0.002741935,0,-0.002419355,0.002030836,1
2010/8/1,0.005636956,0.000743434,0.261760766,-0.358963233,0.000645161,0.001935484,0.004516129,0.007741935,0.003114611,1
2010/9/1,0.004414011,0.005987356,0.533606794,-0.274967822,0.005666667,0.007166667,0.012,0.008666667,-0.01775409,1
2010/10/1,0.007448421,-0.014470221,-0.298810978,-0.659661029,-0.014193548,-0.014193548,-0.005483871,-0.009193548,-0.021736425,1
2010/11/1,0.0067357,-0.000630981,0.299840197,-0.475874971,-0.002,0.002333333,0.003666667,0.0075,-0.01106166,1
2010/12/1,0.000368292,-0.000477204,0.042998519,-0.056991898,0,-0.000967742,-0.000967742,0.000806452,0.000964953,1
2011/1/1,-0.000349847,-0.001433218,0.030436866,-0.053884307,0,-0.003225806,-0.003225806,0,0.003235513,1
2011/2/1,0.001467064,-0.000146439,0.165347227,-0.160926652,0,0,0,0.0025,0.016905617,1
2011/3/1,0.001609038,-0.00016061,0.081299388,-0.119538379,0,0,0,0.002741935,0.005071345,1
2011/4/1,0,0,0.095782381,-0.054532565,0,0,0,0,0.00812726,1
2011/5/1,0.001135792,-0.000113372,0.177544912,-0.15279006,0,0,0,0.001935484,0.010113098,1
2011/6/1,0.000701901,0.001129117,0.184492746,-0.094125219,0,0.002833333,0,0.003166667,0.002569434,1
2011/7/1,0.000744816,0.000984207,0.168633224,-0.092076548,0,0.002258065,0.003225806,0,0.001303067,1
2011/8/1,-0.004076165,0.009231362,0.420004328,0.261896088,0.009032258,0.009032258,0.006290323,0.004516129,0.004342716,1
2011/9/1,-0.000556985,0.004973035,0.279659768,0.041921672,0.005,0.005,0.0045,0.0045,0.009997903,1
2011/10/1,-0.003226445,0.004349397,0.238126055,0.155276942,0.005967742,0.001935484,0.001129032,0.001935484,0.006101438,1
2011/11/1,-0.001472389,0.004815957,0.327868816,0.047266691,0.005333333,0.004333333,0,0.006833333,0.007307877,1
2011/12/1,0.001514389,-0.000151163,0.114280734,-0.134007004,0,0,0,0.002580645,0.000478664,1
2012/1/1,-0.001423758,0.000100976,0.074224774,0.021087011,0,0,-0.001290323,-0.001290323,-0.002980391,1
2012/2/1,-0.004375603,0.000310327,0.075815552,0.151515071,0,0,-0.003965517,-0.003965517,-0.010937354,1
2012/3/1,0.005179763,-0.000419324,0.194374593,-0.342981007,0,0,0.003064516,0.006129032,-0.006181631,1
2012/4/1,0.001300333,0.000104538,0.158934826,-0.141308504,0,0.000666667,-0.0015,0.004,0.002872029,1
2012/5/1,-0.002454666,0.004129669,0.274459527,0.094354809,0.001451613,0.007258065,0.001290323,0.001451613,0.009928346,1
2012/6/1,0.003336223,0.005038606,0.391897692,-0.182982263,0.003666667,0.007333333,0.01,0.006333333,0.007975579,1
2012/7/1,-0.002549447,-0.006239734,-0.16950971,-0.019579554,-0.006451613,-0.006451613,-0.010483871,-0.007258065,-0.007025057,1
2012/8/1,-0.002870447,-0.003327722,-0.065178018,0.038585558,-0.003548387,-0.003548387,-0.007096774,-0.005322581,-0.001981996,1
2012/9/1,-0.001390557,-0.000771444,0.015620557,0.02187278,0,-0.002,-0.002,-0.002,-0.000135715,1
2012/10/1,-0.001739767,-0.001063974,0.091708846,-0.017252608,0,-0.002741935,-0.002419355,-0.002741935,-0.004962724,1
2012/11/1,0.004580737,0.002871141,0.351221742,-0.289521096,0.001833333,0.004833333,0.009666667,0.004833333,0.005337969,1
2012/12/1,-0.002802002,0.000294318,0.070485129,0.087954309,0.003225806,-0.003870968,-0.001935484,-0.001935484,0.003830947,1
2013/1/1,-0.002952976,0.00164317,0.110061402,0.11997445,0.00483871,-0.002903226,0.00016129,-0.001451613,-0.001112746,1
2013/2/1,-0.006203483,0.009927207,0.411481545,0.380878593,0.01125,0.0075,0.004821429,0.00375,-0.012837292,1
2013/3/1,0.001757892,-0.002529669,0.073983103,-0.206306159,-0.004032258,0,-0.006612903,0.004032258,-0.005451761,1
2013/4/1,0.002981551,-0.005327659,-0.018902222,-0.304784832,-0.0055,-0.0045,-0.006333333,0.001,-0.037850889,1
2013/5/1,-0.000665638,3.02E-05,0.126421432,-0.042967443,-0.000645161,0.000967742,-0.003225806,0.001612903,0.002610815,1
2013/6/1,0.002429955,0.004639299,0.370516349,-0.147059163,0.003333333,0.006833333,0.006833333,0.006833333,0.043014664,1
2013/7/1,-1.87E-06,0.001750741,0.178116118,-0.038745181,0.001774194,0.001774194,0.001774194,0.001774194,0.003294527,1
2013/8/1,0,0,0.116724048,-0.066455456,0,0,0,0,-0.002210437,1
2013/9/1,0,0,0.117067354,-0.066650913,0,0,0,0,0.004133367,1
2013/10/1,0.000321975,-0.004632085,-0.058118891,-0.146004972,-0.004516129,-0.004516129,-0.009032258,0,0.003352357,1
2013/11/1,3.56E-05,-0.000512838,0.133184699,-0.095655427,-0.0005,-0.0005,-0.001,0,0.000952793,1
2013/12/1,0.002135638,-0.000151464,0.146142357,-0.178223434,0,0,0.001935484,0.001935484,0.000484637,1
2014/1/1,0.00243323,0.001446241,0.200133747,-0.164334938,0.001612903,0.001612903,0.004677419,0.003064516,-0.001372156,1
2014/2/1,-0.002768588,0.002251033,0.159188762,0.105997605,0.00375,-0.000178571,0.001785714,-0.001964286,-0.005884793,1
2014/3/1,-0.000926271,-0.002740971,0.017025962,-0.068812874,0,-0.006451613,-0.003225806,-0.003225806,0.001876283,1
2014/4/1,6.80E-05,-7.73E-05,0.118832938,-0.073274473,0,-0.000166667,0,0,0.003549774,1
2014/5/1,0.001974844,-0.002245058,0.116487032,-0.229433787,0,-0.00483871,0,0,0.003086632,1
2014/6/1,0,0,0.134804832,-0.076749536,0,0,0,0,-0.001967594,1
2014/7/1,-0.003028382,0.002920265,0.161942298,0.139253345,0.002741935,0.002741935,0,0,0.000536987,1
2014/8/1,-0.000494269,0.00232874,0.212324329,-0.016899858,0.002258065,0.002258065,0.003870968,0,0.001955829,1
2014/9/1,0.000602685,-2.30E-05,0.130657301,-0.100495728,0,0,0.001166667,0,0.000456184,1
2014/10/1,-9.45E-05,-0.000149711,0.09543726,-0.055723809,-0.00016129,-0.00016129,-0.00016129,-0.000322581,-0.001166058,1
2014/11/1,-0.00292885,-0.004641029,-0.063911161,-0.006632683,-0.005,-0.005,-0.005,-0.01,-0.009937632,1
2014/12/1,0.002315821,-0.002233144,0.06477814,-0.21387435,-0.002096774,-0.002096774,0,0,0.004211593,1
2015/1/1,0.005356606,-0.002442617,0.101495002,-0.369848425,-0.002903226,-0.001129032,0.003548387,0.001774194,0.003734254,1
2015/2/1,0.004328091,0.00130729,0.247372149,-0.275699017,0,0.003571429,0.007142857,0.003571429,0.005649831,1
2015/3/1,0,0,0.120157108,-0.068410028,0,0,0,0,0.004855656,1
2015/4/1,8.61E-05,-3.28E-06,0.143334459,-0.085335427,0,0,0.000166667,0,0.005978526,1
2015/5/1,0.002499615,-9.52E-05,0.206437612,-0.22581293,0,0,0.00483871,0,-0.008730495,1
2015/6/1,0.000816269,-0.000927957,0.095684414,-0.121896942,0,-0.002,0,0,-0.003689696,1
2015/7/1,0.001250735,-0.00142187,0.090825986,-0.155015774,0,-0.003064516,0,0,-0.000374896,1
2015/8/1,0.002366233,-0.000236192,0.167620767,-0.203155745,0,0,0,0.004032258,0.004976769,1
2015/9/1,0.001063336,0.0010225,0.137228592,-0.086191911,0,0.002666667,0,0.003666667,0.007274622,1
2015/10/1,0.000431977,0.001299131,0.20270442,-0.087091139,0.000322581,0.002741935,0.000322581,0.002741935,-0.003566462,1
2015/11/1,-5.10E-06,0.004769443,0.35268415,-0.03008701,0.004833333,0.004833333,0.004833333,0.004833333,-0.007735047,1
2015/12/1,-0.001322706,-0.002095949,0.007527333,-0.023713871,-0.002258065,-0.002258065,-0.002258065,-0.004516129,-0.005077165,1
2016/1/1,-0.000398299,-0.00804368,-0.252332078,-0.127167448,-0.009516129,-0.006612903,-0.007096774,-0.010322581,-0.008987122,1
2016/2/1,0.012050681,-0.054859596,-1.818478038,-1.431369982,-0.067586207,-0.03862069,-0.043448276,-0.048275862,-0.04243748,1
2016/3/1,-0.003031276,0.005625956,0.222802446,0.201446348,0.005483871,0.005483871,0.002741935,0.002741935,0.007263886,1
2016/4/1,-0.002845703,0.007156579,0.28782174,0.211358196,0.006166667,0.008166667,0.004333333,0.004333333,0.00693509,1
2016/5/1,-0.002403901,0.02139743,0.887159476,0.360669837,0.013548387,0.031612903,0.018064516,0.018064516,0.006807294,1
2016/6/1,-0.002224187,0.00981799,0.39582183,0.218931455,0.0075,0.0125,0.01,0.005,0.000935786,1
2016/7/1,-0.002496996,0.013701529,0.55437384,0.278934539,0.011129032,0.016774194,0.013709677,0.008548387,0.005106777,1
2016/8/1,-0.001876564,0.03329041,1.36064659,0.49411394,0.031612903,0.036129032,0.031612903,0.031612903,0.038647505,1
2016/9/1,0.000378886,0.001840301,0.114137064,-0.01509335,0.003333333,0,0.003333333,0.001666667,0.011933811,1
2016/10/1,0.000769994,0.003739967,0.231955968,-0.030673582,0.006774194,0,0.006774194,0.003387097,0.024252584,1
2016/11/1,-5.28E-06,0.004933907,0.298788858,0.006484173,0.005,0.005,0.005,0.005,0,1
2016/12/1,0.001137665,-0.001864113,-0.007437327,-0.110135735,-0.001774194,-0.001774194,-0.001774194,0.00016129,-0.002585817,1
2017/1/1,0.002008534,-0.003309906,-0.023997417,-0.188929724,-0.003225806,-0.003064516,-0.003064516,0.00016129,-0.00434015,1
2017/2/1,0.0064158,-0.003298173,0.09421122,-0.440725845,-0.005,0,0,0.005,-0.00762413,1
2017/3/1,-0.000919205,-0.000161996,0.038793389,0.010689432,-0.000322581,0,-0.002580645,0.000322581,-0.003930905,1
2017/4/1,-0.000947076,3.61E-05,0.051621421,0.011636088,0,0,-0.001833333,0,-0.00320543,1
2017/5/1,0.002249653,-8.57E-05,0.130178275,-0.171567566,0,0,0.004354839,0,0.000823891,1
2017/6/1,0.001467064,-0.000146439,0.074125913,-0.108990875,0,0,0,0.0025,-0.002849923,1
2017/7/1,0.003861978,-0.001352595,0.113455138,-0.274982482,-0.001935484,0,0.001935484,0.002580645,-0.003310299,1
2017/8/1,0.003717017,-0.001902268,0.058485273,-0.257253306,-0.003064516,0,0.003064516,0,-0.000583367,1
2017/9/1,0.000680224,-0.000773298,0.017655839,-0.066235604,0,-0.001666667,0,0,-0.000947706,1
2017/10/1,0.001465711,-0.001574715,0.040702639,-0.140962195,0,-0.003387097,0.00016129,0,-0.002048478,1
2017/11/1,0.002582935,-9.84E-05,0.149463945,-0.196984984,0,0,0.005,0,-0.003797372,1
2017/12/1,-0.001233558,-0.000684346,-0.011318829,0.033736803,0,-0.001774194,-0.001774194,-0.001774194,-0.001346113,1
2018/1/1,-0.002242833,-0.001244265,0.010317853,0.043748491,0,-0.003225806,-0.003225806,-0.003225806,-0.004377814,1
2018/2/1,0,0,0.083619539,-0.047607795,0,0,0,0,-0.005224164,1
2018/3/1,0,0,0.078960385,-0.044955161,0,0,0,0,-0.003510559,1
2018/4/1,0,0,0.042569947,-0.024236696,0,0,0,0,-0.001641125,1
2018/5/1,0,0,0.092692626,-0.05277345,0,0,0,0,-0.002478071,1
2018/6/1,-0.002942434,0.000208684,0.011498043,0.124368809,0,0,-0.002666667,-0.002666667,-0.004549892,1
2018/7/1,-0.002698709,0.000442259,0.023201646,0.115829283,0.000322581,0.00016129,-0.002096774,-0.002258065,-0.005293109,1
2018/8/1,-0.000874853,0.007587869,0.383098588,0.089840345,0.009677419,0.00483871,0.009677419,0.00483871,-0.034955461,1
2018/9/1,0.000816269,-0.000927957,0.021187007,-0.079482725,0,-0.002,0,0,0.000761093,1
2018/10/1,0.001156085,-0.001412422,0.034547766,-0.118665521,0,-0.003064516,0,-0.00016129,0.00122737,1
2018/11/1,-0.002934129,0.000292878,0.064597909,0.096798272,0,0,0,-0.005,0.001896544,1
2018/12/1,-0.002347589,0.001201432,0.045455378,0.115566039,0.001935484,0,-0.001935484,0,-0.002902292,1
2019/1/1,-0.003126096,0.002661175,0.143196292,0.144764139,0.004516129,0,-0.001612903,0.001451613,-0.002692788,1
2019/2/1,0.001599238,0.002053868,0.192760471,-0.103424279,0.003928571,0,0.003928571,0.003928571,0.005148849,1
2019/3/1,-0.003325752,0.001702029,0.064395119,0.163718555,0.002741935,0,-0.002741935,0,0.003074809,1
2019/4/1,-0.003933562,0.00152665,0.05911075,0.185959584,0.002333333,0,-0.003333333,-0.001,0.002616602,1
2019/5/1,-0.004449245,0.00031555,0.017386154,0.188057675,0,0,-0.004032258,-0.004032258,0,1
2019/6/1,-0.004303389,0.000429554,-0.022323754,0.208621712,0,0,0,-0.007333333,0.001362048,1
2019/7/1,-0.007796569,0.000949703,-0.028926721,0.377537769,0.000322581,0,0,-0.012903226,0.002516463,1
2019/8/1,-0.003257047,0.002811406,0.150112861,0.151690914,0.004677419,0,0,0,0.001738527,1
2019/9/1,0.002933969,0.003475658,0.231395494,-0.130596366,0,0.008,0.012,0,-0.007400487,1
2019/10/1,0.004477935,0.005413102,0.361083175,-0.199953711,0.00016129,0.012258065,0.018387097,0.00016129,-0.010860827,1
2019/11/1,-0.000547542,0.002712418,0.20229243,0.004762345,0.005,0,0,0.005,0.014837483,1
2019/12/1,-0.001083166,4.13E-05,0.026581137,0.031787728,0,0,-0.002096774,0,-0.000788054,1
2020/1/1,-0.002416294,9.21E-05,0.059296384,0.070911086,0,0,-0.004677419,0,-0.000757963,1
2020/2/1,-0.002582935,9.84E-05,0.063385789,0.075801505,0,0,-0.005,0,0.000938985,1
